/*
 Navicat Premium Data Transfer

 Source Server         : mysql
 Source Server Type    : MySQL
 Source Server Version : 80016
 Source Host           : localhost:3306
 Source Schema         : ncu_mental_health

 Target Server Type    : MySQL
 Target Server Version : 80016
 File Encoding         : 65001

 Date: 29/05/2026 13:52:34
*/

SET NAMES utf8mb4;
SET FOREIGN_KEY_CHECKS = 0;

-- ----------------------------
-- Table structure for advisors
-- ----------------------------
DROP TABLE IF EXISTS `advisors`;
CREATE TABLE `advisors`  (
  `id` bigint(20) NOT NULL AUTO_INCREMENT,
  `user_id` bigint(20) NOT NULL,
  `college` varchar(100) CHARACTER SET utf8mb4 COLLATE utf8mb4_0900_ai_ci NOT NULL COMMENT 'Ķ┤¤Ķ┤ŻÕŁ”ķÖó',
  `title` varchar(50) CHARACTER SET utf8mb4 COLLATE utf8mb4_0900_ai_ci NULL DEFAULT NULL,
  `created_at` datetime NULL DEFAULT CURRENT_TIMESTAMP,
  `updated_at` datetime NULL DEFAULT CURRENT_TIMESTAMP ON UPDATE CURRENT_TIMESTAMP,
  PRIMARY KEY (`id`) USING BTREE,
  UNIQUE INDEX `user_id`(`user_id`) USING BTREE,
  INDEX `idx_user_id`(`user_id`) USING BTREE,
  CONSTRAINT `advisors_ibfk_1` FOREIGN KEY (`user_id`) REFERENCES `users` (`id`) ON DELETE RESTRICT ON UPDATE RESTRICT
) ENGINE = InnoDB AUTO_INCREMENT = 4 CHARACTER SET = utf8mb4 COLLATE = utf8mb4_0900_ai_ci COMMENT = 'ĶŠģÕ»╝ÕæśĶĪ©' ROW_FORMAT = Dynamic;

-- ----------------------------
-- Records of advisors
-- ----------------------------
INSERT INTO `advisors` VALUES (1, 16, 'õ┐Īµü»ÕĘźń©ŗÕŁ”ķÖó', 'ÕŁ”ÕĘźÕŖ×õĖ╗õ╗╗', '2026-05-20 22:05:24', '2026-05-20 22:05:24');
INSERT INTO `advisors` VALUES (2, 17, 'ńÉåÕŁ”ķÖó', 'õĖōĶüīĶŠģÕ»╝Õæś', '2026-05-20 22:05:24', '2026-05-20 22:05:24');
INSERT INTO `advisors` VALUES (3, 18, 'õ║║µ¢ćÕŁ”ķÖó', 'ÕŁ”ÕĘźÕŖ×Õē»õĖ╗õ╗╗', '2026-05-20 22:05:24', '2026-05-20 22:05:24');
INSERT INTO `advisors` VALUES (4, 19, 'ń╗ÅµĄÄń«ĪńÉåÕŁ”ķÖó', 'õĖōĶüīĶŠģÕ»╝Õæś', '2026-05-20 22:05:24', '2026-05-20 22:05:24');

-- ----------------------------
-- Table structure for anonymous_messages
-- ----------------------------
DROP TABLE IF EXISTS `anonymous_messages`;
CREATE TABLE `anonymous_messages`  (
  `id` bigint(20) NOT NULL AUTO_INCREMENT,
  `student_id` bigint(20) NOT NULL,
  `content` text CHARACTER SET utf8mb4 COLLATE utf8mb4_0900_ai_ci NOT NULL,
  `reply` text CHARACTER SET utf8mb4 COLLATE utf8mb4_0900_ai_ci NULL,
  `counselor_id` bigint(20) NULL DEFAULT NULL,
  `status` varchar(30) CHARACTER SET utf8mb4 COLLATE utf8mb4_0900_ai_ci NULL DEFAULT 'PENDING',
  `created_at` datetime NULL DEFAULT CURRENT_TIMESTAMP,
  `updated_at` datetime NULL DEFAULT CURRENT_TIMESTAMP ON UPDATE CURRENT_TIMESTAMP,
  PRIMARY KEY (`id`) USING BTREE,
  INDEX `student_id`(`student_id`) USING BTREE,
  INDEX `counselor_id`(`counselor_id`) USING BTREE,
  CONSTRAINT `anonymous_messages_ibfk_1` FOREIGN KEY (`student_id`) REFERENCES `students` (`id`) ON DELETE RESTRICT ON UPDATE RESTRICT,
  CONSTRAINT `anonymous_messages_ibfk_2` FOREIGN KEY (`counselor_id`) REFERENCES `counselors` (`id`) ON DELETE RESTRICT ON UPDATE RESTRICT
) ENGINE = InnoDB AUTO_INCREMENT = 4 CHARACTER SET = utf8mb4 COLLATE = utf8mb4_0900_ai_ci COMMENT = 'Õī┐ÕÉŹńĢÖĶ©Ć' ROW_FORMAT = Dynamic;

-- ----------------------------
-- Records of anonymous_messages
-- ----------------------------
INSERT INTO `anonymous_messages` VALUES (3, 4, 'ÕŁ”õ╣ĀÕÄŗÕŖøÕż¦’╝īµłæĶ»źµĆÄõ╣łń╝ōĶ¦Ż’╝¤', 'ÕÅ»õ╗źķĆÜĶ┐ćÕüÜķĆéķćÅńÜäĶ┐ÉÕŖ©µØźń╝ōĶ¦Ż’╝īµł¢ĶĆģÕüÜĶć¬ÕĘ▒Õ¢£µ¼óńÜäõ║ŗµāģµØźÕłåµĢŻÕ£©ÕŁ”õ╣ĀõĖŖńÜäµ│©µäÅÕŖø', 1, 'REPLIED', '2026-05-22 17:14:29', '2026-05-22 19:28:07');
INSERT INTO `anonymous_messages` VALUES (4, 1, 'Õ┐āµāģµīüń╗ŁõĮÄĶÉĮ’╝īµ▓Īµ£ēķŻ¤µ¼▓µĆÄõ╣łÕŖ×’╝¤', NULL, NULL, 'PENDING', '2026-05-22 19:21:04', '2026-05-22 19:21:04');

-- ----------------------------
-- Table structure for appointments
-- ----------------------------
DROP TABLE IF EXISTS `appointments`;
CREATE TABLE `appointments`  (
  `id` bigint(20) NOT NULL AUTO_INCREMENT,
  `student_id` bigint(20) NOT NULL,
  `counselor_id` bigint(20) NOT NULL,
  `time_slot_id` bigint(20) NOT NULL,
  `status` varchar(30) CHARACTER SET utf8mb4 COLLATE utf8mb4_0900_ai_ci NULL DEFAULT 'PENDING' COMMENT 'PENDING/CONFIRMED/COMPLETED/CANCELLED',
  `reason` text CHARACTER SET utf8mb4 COLLATE utf8mb4_0900_ai_ci NULL,
  `cancel_reason` text CHARACTER SET utf8mb4 COLLATE utf8mb4_0900_ai_ci NULL,
  `created_at` datetime NULL DEFAULT CURRENT_TIMESTAMP,
  `updated_at` datetime NULL DEFAULT CURRENT_TIMESTAMP ON UPDATE CURRENT_TIMESTAMP,
  PRIMARY KEY (`id`) USING BTREE,
  INDEX `time_slot_id`(`time_slot_id`) USING BTREE,
  INDEX `idx_student_id`(`student_id`) USING BTREE,
  INDEX `idx_counselor_id`(`counselor_id`) USING BTREE,
  CONSTRAINT `appointments_ibfk_1` FOREIGN KEY (`student_id`) REFERENCES `students` (`id`) ON DELETE RESTRICT ON UPDATE RESTRICT,
  CONSTRAINT `appointments_ibfk_2` FOREIGN KEY (`counselor_id`) REFERENCES `counselors` (`id`) ON DELETE RESTRICT ON UPDATE RESTRICT,
  CONSTRAINT `appointments_ibfk_3` FOREIGN KEY (`time_slot_id`) REFERENCES `time_slots` (`id`) ON DELETE RESTRICT ON UPDATE RESTRICT
) ENGINE = InnoDB AUTO_INCREMENT = 10 CHARACTER SET = utf8mb4 COLLATE = utf8mb4_0900_ai_ci COMMENT = 'ķóäń║”Ķ«░ÕĮĢĶĪ©' ROW_FORMAT = Dynamic;

-- ----------------------------
-- Records of appointments
-- ----------------------------
INSERT INTO `appointments` VALUES (6, 4, 2, 10, 'COMPLETED', 'ÕÄŗÕŖøÕż¦’╝īµ▓Īµ£ēõ║║ĶüŖÕż®ń¢ÅĶ¦Ż’╝īń╝║Õ░æµ£ŗÕÅŗŃĆé', NULL, '2026-05-22 17:53:22', '2026-05-22 17:53:22');
INSERT INTO `appointments` VALUES (7, 2, 1, 9, 'COMPLETED', 'ķĢ┐µ£¤µāģń╗¬õĮÄĶÉĮ’╝īµÅÉõĖŹĶĄĘÕģ┤ĶČŻ’╝īÕ»╣ńö¤µ┤╗Õż▒ÕÄ╗ńāŁµāģ’╝īµĆĆń¢æĶć¬ÕĘ▒µ£ēµŖæķāüÕĆŠÕÉæ', NULL, '2026-05-22 18:44:26', '2026-05-22 18:44:26');
INSERT INTO `appointments` VALUES (8, 1, 1, 9, 'COMPLETED', 'µāģµä¤ķŚ«ķóś', NULL, '2026-05-22 18:58:07', '2026-05-22 18:58:07');
INSERT INTO `appointments` VALUES (9, 9, 2, 14, 'COMPLETED', 'ĶŠģÕ»╝ÕæśĶĮ¼õ╗ŗ’╝ÜÕÄŗÕŖøĶ┐ćÕż¦', NULL, '2026-05-25 19:11:13', '2026-05-25 19:11:13');
INSERT INTO `appointments` VALUES (10, 7, 3, 20, 'CONFIRMED', 'ĶŠģÕ»╝ÕæśĶĮ¼õ╗ŗ’╝ÜÕ»╣ĶüīõĖÜµ¢╣ÕÉæµ▓Īµ£ēĶ¦äÕłÆ’╝īõĖŹńĪ«Õ«Üµ£¬µØźÕÅæÕ▒ĢķüōĶĘ»', NULL, '2026-05-27 17:10:53', '2026-05-27 17:10:53');

-- ----------------------------
-- Table structure for articles
-- ----------------------------
DROP TABLE IF EXISTS `articles`;
CREATE TABLE `articles`  (
  `id` bigint(20) NOT NULL AUTO_INCREMENT,
  `title` varchar(200) CHARACTER SET utf8mb4 COLLATE utf8mb4_0900_ai_ci NOT NULL,
  `content` text CHARACTER SET utf8mb4 COLLATE utf8mb4_0900_ai_ci NOT NULL,
  `type` varchar(20) CHARACTER SET utf8mb4 COLLATE utf8mb4_0900_ai_ci NULL DEFAULT NULL COMMENT 'ARTICLE/NOTICE/ACTIVITY',
  `college` varchar(100) CHARACTER SET utf8mb4 COLLATE utf8mb4_0900_ai_ci NULL DEFAULT NULL,
  `author_id` bigint(20) NOT NULL,
  `created_at` datetime NULL DEFAULT CURRENT_TIMESTAMP,
  PRIMARY KEY (`id`) USING BTREE,
  INDEX `author_id`(`author_id`) USING BTREE,
  CONSTRAINT `articles_ibfk_1` FOREIGN KEY (`author_id`) REFERENCES `users` (`id`) ON DELETE RESTRICT ON UPDATE RESTRICT
) ENGINE = InnoDB AUTO_INCREMENT = 3 CHARACTER SET = utf8mb4 COLLATE = utf8mb4_0900_ai_ci COMMENT = 'µ¢ćń½Ā/ķĆÜń¤ź' ROW_FORMAT = Dynamic;

-- ----------------------------
-- Records of articles
-- ----------------------------
INSERT INTO `articles` VALUES (1, 'Õ”éõĮĢÕ║öÕ»╣ĶĆāĶ»Ģńä”ĶÖæ', 'ĶĆāĶ»Ģńä”ĶÖæÕÅ»õ╗źķĆÜĶ┐ćÕæ╝ÕÉĖĶ«Łń╗āŃĆüĶ¦äÕłÆµŚČķŚ┤ŃĆüĶ░āµĢ┤Ķ«żń¤źµ£ēµĢłń╝ōĶ¦Ż', 'ARTICLE', NULL, 1, '2026-05-20 22:05:25');
INSERT INTO `articles` VALUES (2, 'Ķ«żĶ»åµŖæķāüńŚć', 'µŖæķāüńŚćõĖŹµś»Õ┐āµāģõĖŹÕźĮ’╝īµś»ķ£ĆĶ”üń¦æÕŁ”Õ╣▓ķóäńÜäÕ┐āńÉåń¢ŠńŚģ', 'ARTICLE', NULL, 1, '2026-05-20 22:05:25');
INSERT INTO `articles` VALUES (3, 'õ┐Īµü»ÕĘźń©ŗÕŁ”ķÖóÕ┐āńÉåĶ«▓Õ║¦', '5µ£ł25µŚźõĖŠÕŖ×ÕÄŗÕŖøń«ĪńÉåõĖ╗ķóśĶ«▓Õ║¦', 'ACTIVITY', 'õ┐Īµü»ÕĘźń©ŗÕŁ”ķÖó', 16, '2026-05-20 22:05:25');

-- ----------------------------
-- Table structure for consultation_records
-- ----------------------------
DROP TABLE IF EXISTS `consultation_records`;
CREATE TABLE `consultation_records`  (
  `id` bigint(20) NOT NULL AUTO_INCREMENT,
  `appointment_id` bigint(20) NOT NULL,
  `student_id` bigint(20) NOT NULL,
  `counselor_id` bigint(20) NOT NULL,
  `content` text CHARACTER SET utf8mb4 COLLATE utf8mb4_0900_ai_ci NULL COMMENT 'ÕÆ©Ķ»óÕåģÕ«╣',
  `assessment` text CHARACTER SET utf8mb4 COLLATE utf8mb4_0900_ai_ci NULL COMMENT 'Ķ»äõ╝░',
  `risk_level` varchar(20) CHARACTER SET utf8mb4 COLLATE utf8mb4_0900_ai_ci NULL DEFAULT NULL COMMENT 'LOW/MEDIUM/HIGH',
  `is_closed` int(11) NULL DEFAULT 0,
  `created_at` datetime NULL DEFAULT CURRENT_TIMESTAMP,
  `updated_at` datetime NULL DEFAULT CURRENT_TIMESTAMP ON UPDATE CURRENT_TIMESTAMP,
  PRIMARY KEY (`id`) USING BTREE,
  INDEX `idx_appointment`(`appointment_id`) USING BTREE,
  CONSTRAINT `consultation_records_ibfk_1` FOREIGN KEY (`appointment_id`) REFERENCES `appointments` (`id`) ON DELETE RESTRICT ON UPDATE RESTRICT
) ENGINE = InnoDB AUTO_INCREMENT = 5 CHARACTER SET = utf8mb4 COLLATE = utf8mb4_0900_ai_ci COMMENT = 'ÕÆ©Ķ»óĶ«░ÕĮĢ' ROW_FORMAT = Dynamic;

-- ----------------------------
-- Records of consultation_records
-- ----------------------------
INSERT INTO `consultation_records` VALUES (2, 6, 4, 2, 'µØźĶ«┐ĶĆģĶć¬Ķ┐░Ķ┐æµ£¤ÕŁ”õ╣ĀÕÄŗÕŖøĶŠāÕż¦’╝īµāģń╗¬µŚĀÕżäń¢ÅĶ¦Ż’╝īń╝║õ╣ÅÕÅ»õ╗źÕĆŠĶ»ēńÜäµ£ŗÕÅŗ’╝īµä¤Õł░ÕŁżńŗ¼µä¤µśÄµśŠŃĆéµØźĶ«┐ĶĆģĶĪ©ńż║ÕĮōÕēŹµ▓Īµ£ēÕć║ńÄ░µśÄµśŠńÜäĶć¬õ╝żŃĆüĶć¬µØĆÕ┐ĄÕż┤’╝īõĮåķĢ┐µ£¤ńÜäÕÄŗÕŖøõĖÄÕŁżńŗ¼ÕĘ▓Õ»╣ÕģČµāģń╗¬ńŖČµĆüķĆĀµłÉÕĮ▒ÕōŹ’╝īĶĪ©ńÄ░õĖ║µāģń╗¬õĮÄĶÉĮŃĆüÕŖ©ÕŖøõĖŹĶČ│ŃĆé', 'µØźĶ«┐ĶĆģÕĮōÕēŹńÜäÕø░µē░õĖ╗Ķ”üõĖ║ÕÅæÕ▒ĢµĆ¦Õø░µē░’╝īµĀĖÕ┐āķŚ«ķóśµś»ÕÄŗÕŖøń«ĪńÉåõĖÄńżŠõ║żµö»µīüń│╗ń╗¤õĖŹĶČ│’╝īµŚĀµśÄµśŠµĆźµĆ¦ÕŹ▒µ£║ķŻÄķÖ®ŃĆéµØźĶ«┐ĶĆģµāģń╗¬ń©│Õ«Ü’╝īĶ«żń¤źµĖģµÖ░’╝īµ£ēµ▒éÕŖ®µäÅµä┐’╝īÕģĘÕżćõĖĆÕ«ÜńÜäķŚ«ķóśĶ¦ŻÕå│ĶāĮÕŖø’╝īÕÉÄń╗ŁÕÅ»ķĆÜĶ┐ćÕÄŗÕŖøń«ĪńÉåµŖĆÕĘ¦Ķ«Łń╗āŃĆüńżŠõ║żµŖĆĶāĮĶŠģÕ»╝Ķ┐øĶĪīµö╣Õ¢äŃĆé', 'LOW', 0, '2026-05-22 18:17:32', '2026-05-22 18:17:32');
INSERT INTO `consultation_records` VALUES (3, 7, 2, 1, 'µØźĶ«┐ĶĆģĶć¬Ķ┐░Ķ┐æõĖĆµ«ĄµŚČķŚ┤µīüń╗Łµāģń╗¬õĮÄĶÉĮ’╝īÕ»╣õ╗źÕŠĆµä¤Õģ┤ĶČŻńÜäõ║ŗµāģÕż▒ÕÄ╗ńāŁµāģ’╝īÕŁ”õ╣ĀÕÆīńö¤µ┤╗ÕŖ©ÕŖøµśÄµśŠõĖŗķÖŹ’╝īµŚźÕĖĖµ┤╗ÕŖ©ķÜŠõ╗źń╗┤µīüŃĆéµØźĶ«┐ĶĆģµĆĆń¢æĶć¬ÕĘ▒ÕŁśÕ£©µŖæķāüÕĆŠÕÉæ’╝īµāģń╗¬Õø░µē░ÕĘ▓Õ»╣ÕģČÕŁ”õ╣ĀńŖČµĆüÕÆīõ║║ķÖģõ║żÕŠĆķĆĀµłÉÕĮ▒ÕōŹ’╝īõĖ╗ÕŖ©Õ»╗µ▒éõĖōõĖÜµö»µīüŃĆéµØźĶ«┐ĶĆģĶ«żń¤źµĖģµÖ░’╝īµ▒éÕŖ®µäÅµä┐µśÄńĪ«’╝īµŚĀĶć¬õ╝żŃĆüĶć¬µØĆńøĖÕģ│ĶĪ©Ķ┐░ŃĆé', 'µØźĶ«┐ĶĆģÕĮōÕēŹĶĪ©ńÄ░ń¼”ÕÉłµŖæķāüµāģń╗¬Õø░µē░ńÜäńē╣ÕŠü’╝īµĀĖÕ┐āķŚ«ķóśõĖ║µīüń╗ŁńÜäõĮÄÕŖ©ÕŖøõĖÄµāģń╗¬õĮÄĶÉĮ’╝īµ£ēµ▒éÕŖ®µäÅµä┐’╝īÕģĘÕżćõĖĆÕ«ÜńÜäĶć¬µłæĶ¦ēÕ»¤ĶāĮÕŖø’╝īµŚĀµĆźµĆ¦ÕŹ▒µ£║ķŻÄķÖ®ŃĆéÕ╗║Ķ««ÕÉÄń╗ŁķĆÜĶ┐ćĶ«żń¤źĶĪīõĖ║ÕÅ¢ÕÉæńÜäÕÆ©Ķ»ó’╝īÕĖ«ÕŖ®ÕģČĶ»åÕł½Ķ┤¤µĆ¦µĆØń╗┤µ©ĪÕ╝Å’╝īķćŹÕ╗║µŚźÕĖĖĶĪīõĖ║ĶŖéÕźÅ’╝īÕÉīµŚČÕÅ»ķģŹÕÉłµöŠµØŠĶ«Łń╗āń╝ōĶ¦Żµāģń╗¬Õø░µē░ŃĆé', 'MEDIUM', 0, '2026-05-22 18:45:39', '2026-05-22 18:45:39');
INSERT INTO `consultation_records` VALUES (4, 8, 1, 1, 'µØźĶ«┐ĶĆģÕøĀµüŗńł▒Õģ│ń│╗ķŚ«ķóśķĢ┐µ£¤µāģń╗¬õĮÄĶÉĮ’╝īĶ┐æµ£¤ń╗ÅÕÄåõ║ēÕÉĄŃĆüÕåĘµłśµł¢Õłåµēŗ’╝īķÖĘÕģźĶć¬µłæµĆĆń¢æõĖÄµāģń╗¬ÕåģĶĆŚ’╝īÕŁ”õ╣ĀõĖÄńØĪń£ĀÕÅŚÕł░µśÄµśŠÕĮ▒ÕōŹŃĆéµØźĶ«┐ĶĆģĶć¬Ķ┐░ķÜŠõ╗źĶĄ░Õć║Ķ┤¤ķØóµāģń╗¬’╝īÕ»╣õ║▓Õ»åÕģ│ń│╗µä¤Õł░Ķ┐ĘĶī½’╝īµŗģÕ┐āÕĮ▒ÕōŹÕÉÄń╗ŁńÜäõ║║ķÖģõ┐Īõ╗╗’╝īõĖ╗ÕŖ©Õ»╗µ▒éń¢ÅÕ»╝ŃĆé', 'µØźĶ«┐ĶĆģńÜäÕø░µē░Õ▒×õ║Äõ║▓Õ»åÕģ│ń│╗ÕÅæÕ▒ĢµĆ¦ķŚ«ķóś’╝īÕĮōÕēŹµāģń╗¬ÕÅŹÕ║öõĖÄõ║ŗõ╗ČńøĖÕģ│’╝īµŚĀµĆźµĆ¦ÕŹ▒µ£║ķŻÄķÖ®ŃĆéµØźĶ«┐ĶĆģµ£ēµ▒éÕŖ®µäÅµä┐’╝īÕģĘÕżćµāģń╗¬Ķ░āĶŖéńÜäÕ¤║ńĪĆĶāĮÕŖø’╝īµĀĖÕ┐āÕø░µē░õĖ║ÕłåµēŗķĆéÕ║öõĖÄĶć¬µłæõ╗ĘÕĆ╝ķćŹÕ╗║ŃĆéÕÉÄń╗ŁÕÅ»ķĆÜĶ┐ćµāģń╗¬ń¢ÅÕ»╝ŃĆüĶ«żń¤źĶ░āµĢ┤ÕĖ«ÕŖ®ÕģČĶĄ░Õć║µāģń╗¬õĮÄĶ░Ę’╝īķćŹÕ╗║Õ»╣õ║▓Õ»åÕģ│ń│╗ńÜäÕÉłńÉåĶ«żń¤źŃĆé', 'LOW', 0, '2026-05-22 19:12:25', '2026-05-22 19:12:25');
INSERT INTO `consultation_records` VALUES (5, 9, 9, 2, 'µ£¼µ¼ĪÕÆ©Ķ»óõĖŁ’╝īµØźĶ«┐ĶĆģõĖ╗Ķ»ēĶ┐æµ£¤ÕŁ”õĖÜõ╗╗ÕŖĪķøåõĖŁŃĆüĶĆāĶ»ĢÕÄŗÕŖøĶŠāÕż¦’╝īõ╝┤ķÜÅńä”ĶÖæŃĆüµ│©µäÅÕŖøķÜŠõ╗źķøåõĖŁŃĆüÕģźńØĪÕø░ķÜŠńŁēĶĪ©ńÄ░ŃĆéµØźĶ«┐ĶĆģĶć¬Ķ┐░ÕøĀµŗģÕ┐āµłÉń╗®ÕÆīµ£¬µØźÕÅæÕ▒Ģ’╝īķĢ┐µ£¤Õżäõ║Äń┤¦Õ╝ĀńŖČµĆü’╝īµŚĀµ│Ģµ£ēµĢłµöŠµØŠ’╝īõĖöń╝║õ╣ÅÕĆŠĶ»ēÕ»╣Ķ▒Ī’╝īµāģń╗¬µŚĀÕżäń¢ÅĶ¦ŻŃĆéÕÆ©Ķ»óÕĖłķ”¢ÕģłķĆÜĶ┐ćÕĆŠÕÉ¼õĖÄÕģ▒µāģ’╝īÕĖ«ÕŖ®µØźĶ«┐ĶĆģµó│ńÉåÕÄŗÕŖøµØźµ║É’╝īĶé»Õ«ÜÕģČÕĮōÕēŹńÜäÕŖ¬ÕŖøõĖÄµä¤ÕÅŚ’╝īń╝ōĶ¦ŻÕģČĶć¬µłæÕÉ”Õ«ÜńÜäÕĆŠÕÉæŃĆéķÜÅÕÉÄ’╝īÕģ▒ÕÉīµÄóĶ«©õ║åÕÄŗÕŖøń«ĪńÉåńŁ¢ńĢź’╝īÕīģµŗ¼õ╗╗ÕŖĪµŗåĶ¦ŻŃĆüµŚČķŚ┤Ķ¦äÕłÆŃĆüĶģ╣Õ╝ÅÕæ╝ÕÉĖµöŠµØŠµ│ĢńŁē’╝īÕ╣ČÕ╝ĢÕ»╝µØźĶ«┐ĶĆģĶ»åÕł½Ķć¬Ķ║½ńÜäõĖŹÕÉłńÉåõ┐ĪÕ┐Ą’╝īÕ╗║ń½ŗµø┤ÕÉłńÉåńÜäĶ«żń¤źµ©ĪÕ╝ÅŃĆéÕÆ©Ķ»óĶ┐ćń©ŗõĖŁµØźĶ«┐ĶĆģµāģń╗¬ķĆÉµĖÉÕ╣│ń©│’╝īĶāĮÕż¤õĖ╗ÕŖ©ĶĪ©ĶŠŠĶć¬Ķ║½µä¤ÕÅŚ’╝īÕ╣ČÕ»╣ÕÉÄń╗ŁńÜäĶ░āµĢ┤Ķ«ĪÕłÆĶĪ©ńÄ░Õć║ń¦»µ×üµĆüÕ║”ŃĆé', '1. µīēµ£¼µ¼ĪÕÆ©Ķ»óõĖŁÕłČÕ«ÜńÜäĶ«ĪÕłÆ’╝īÕ░ØĶ»Ģµ»ÅµŚźõ╗╗ÕŖĪµŗåĶ¦ŻõĖÄµŚČķŚ┤ń«ĪńÉå’╝ø\n2. ÕØÜµīüµ»ÅµŚź 5-10 ÕłåķÆ¤ńÜäÕæ╝ÕÉĖµöŠµØŠń╗āõ╣Ā’╝īń╝ōĶ¦ŻńØĪÕēŹńä”ĶÖæ’╝ø\n3. Ķŗźµāģń╗¬ńŖČµĆüµīüń╗ŁõĖŹõĮ│µł¢Õć║ńÄ░µśÄµśŠńØĪń£ĀŃĆüķź«ķŻ¤ķŚ«ķóś’╝īÕ╗║Ķ««ÕÅŖµŚČķóäń║”ÕÉÄń╗ŁÕÆ©Ķ»ó’╝ø\n4. ÕÅ»õĖÄĶŠģÕ»╝Õæśµ▓¤ķĆÜ’╝īÕ»╗µ▒éÕŁ”õĖÜõĖŖńÜäµö»µīüõĖÄÕĖ«ÕŖ®ŃĆé', 'LOW', 0, '2026-05-27 16:18:55', '2026-05-27 16:18:55');

-- ----------------------------
-- Table structure for counselors
-- ----------------------------
DROP TABLE IF EXISTS `counselors`;
CREATE TABLE `counselors`  (
  `id` bigint(20) NOT NULL AUTO_INCREMENT,
  `user_id` bigint(20) NOT NULL,
  `title` varchar(50) CHARACTER SET utf8mb4 COLLATE utf8mb4_0900_ai_ci NULL DEFAULT NULL COMMENT 'Ķüīń¦░',
  `specialization` varchar(200) CHARACTER SET utf8mb4 COLLATE utf8mb4_0900_ai_ci NULL DEFAULT NULL COMMENT 'µōģķĢ┐ķóåÕ¤¤',
  `description` text CHARACTER SET utf8mb4 COLLATE utf8mb4_0900_ai_ci NULL COMMENT 'ń«Ćõ╗ŗ',
  `avatar` varchar(500) CHARACTER SET utf8mb4 COLLATE utf8mb4_0900_ai_ci NULL DEFAULT NULL,
  `is_active` int(11) NULL DEFAULT 1,
  `created_at` datetime NULL DEFAULT CURRENT_TIMESTAMP,
  `updated_at` datetime NULL DEFAULT CURRENT_TIMESTAMP ON UPDATE CURRENT_TIMESTAMP,
  `reject_reason` varchar(500) CHARACTER SET utf8mb4 COLLATE utf8mb4_0900_ai_ci NULL DEFAULT NULL COMMENT 'µŗÆń╗ØńÉåńö▒',
  PRIMARY KEY (`id`) USING BTREE,
  UNIQUE INDEX `user_id`(`user_id`) USING BTREE,
  INDEX `idx_user_id`(`user_id`) USING BTREE,
  CONSTRAINT `counselors_ibfk_1` FOREIGN KEY (`user_id`) REFERENCES `users` (`id`) ON DELETE RESTRICT ON UPDATE RESTRICT
) ENGINE = InnoDB AUTO_INCREMENT = 5 CHARACTER SET = utf8mb4 COLLATE = utf8mb4_0900_ai_ci COMMENT = 'ÕÆ©Ķ»óÕĖłĶĪ©' ROW_FORMAT = Dynamic;

-- ----------------------------
-- Records of counselors
-- ----------------------------
INSERT INTO `counselors` VALUES (1, 12, 'ķ½śń║¦Õ┐āńÉåÕÆ©Ķ»óÕĖł', 'µāģń╗¬ń«ĪńÉå,ÕŁ”õĖÜÕÄŗÕŖø,õ║║ķÖģÕģ│ń│╗', 'ÕøĮÕ«Čõ║īń║¦Õ┐āńÉåÕÆ©Ķ»óÕĖł’╝īõ╗Äõ║ŗķ½śµĀĪÕ┐āńÉåÕÆ©Ķ»óÕĘźõĮ£12Õ╣┤ŃĆé', 'http://localhost:8080/uploads/avatars/c8e594d8-ae96-4e92-af3a-e7f4a48ca04f.jpg', 1, '2026-05-20 22:05:24', '2026-05-20 22:05:24', NULL);
INSERT INTO `counselors` VALUES (2, 13, 'õĖŁń║¦Õ┐āńÉåÕÆ©Ķ»óÕĖł', 'µüŗńł▒Õ┐āńÉå,ĶüīõĖÜĶ¦äÕłÆ,Ķć¬µłæµłÉķĢ┐', 'Õ║öńö©Õ┐āńÉåÕŁ”ńĪĢÕŻ½’╝īµōģķĢ┐ķØÆÕ░æÕ╣┤Õ┐āńÉåĶŠģÕ»╝', NULL, 1, '2026-05-20 22:05:24', '2026-05-20 22:05:24', NULL);
INSERT INTO `counselors` VALUES (3, 14, 'ÕłØń║¦Õ┐āńÉåÕÆ©Ķ»óÕĖł', 'Õ«ČÕ║ŁÕģ│ń│╗,ńżŠõ║żńä”ĶÖæ,µ¢░ńö¤ķĆéÕ║ö', 'õĖ┤Õ║ŖÕ┐āńÉåÕŁ”ńĪĢÕŻ½’╝īÕÆ©Ķ»óķŻÄµĀ╝µĖ®ÕÆīÕīģÕ«╣', NULL, 1, '2026-05-20 22:05:24', '2026-05-20 22:05:24', NULL);
INSERT INTO `counselors` VALUES (4, 15, 'ķ½śń║¦Õ┐āńÉåÕÆ©Ķ»óÕĖł', 'ÕŹ▒µ£║Õ╣▓ķóä,Õłøõ╝żĶŠģÕ»╝,µŁŻÕ┐ĄÕćÅÕÄŗ', 'µ│©ÕåīÕ┐āńÉåÕĖł’╝īÕŹ▒µ£║Õ╣▓ķóäķóåÕ¤¤µ£ēµĘ▒ÕģźńĀöń®Č', NULL, 1, '2026-05-20 22:05:24', '2026-05-20 22:05:24', NULL);

-- ----------------------------
-- Table structure for follow_up_tasks
-- ----------------------------
DROP TABLE IF EXISTS `follow_up_tasks`;
CREATE TABLE `follow_up_tasks`  (
  `id` bigint(20) NOT NULL AUTO_INCREMENT,
  `student_id` bigint(20) NOT NULL,
  `advisor_id` bigint(20) NOT NULL,
  `status` varchar(30) CHARACTER SET utf8mb4 COLLATE utf8mb4_0900_ai_ci NULL DEFAULT 'PENDING',
  `feedback` text CHARACTER SET utf8mb4 COLLATE utf8mb4_0900_ai_ci NULL,
  `created_at` datetime NULL DEFAULT CURRENT_TIMESTAMP,
  `updated_at` datetime NULL DEFAULT CURRENT_TIMESTAMP ON UPDATE CURRENT_TIMESTAMP,
  PRIMARY KEY (`id`) USING BTREE,
  INDEX `student_id`(`student_id`) USING BTREE,
  INDEX `idx_advisor_id`(`advisor_id`) USING BTREE,
  CONSTRAINT `follow_up_tasks_ibfk_1` FOREIGN KEY (`student_id`) REFERENCES `students` (`id`) ON DELETE RESTRICT ON UPDATE RESTRICT,
  CONSTRAINT `follow_up_tasks_ibfk_2` FOREIGN KEY (`advisor_id`) REFERENCES `advisors` (`id`) ON DELETE RESTRICT ON UPDATE RESTRICT
) ENGINE = InnoDB AUTO_INCREMENT = 6 CHARACTER SET = utf8mb4 COLLATE = utf8mb4_0900_ai_ci COMMENT = 'Õø×Ķ«┐õ╗╗ÕŖĪ' ROW_FORMAT = Dynamic;

-- ----------------------------
-- Records of follow_up_tasks
-- ----------------------------
INSERT INTO `follow_up_tasks` VALUES (1, 1, 1, 'PENDING', 'ÕŁ”ńö¤ÕĘ▓ÕŖĀÕģźķćŹńé╣Õģ│µ│©ÕłŚĶĪ©’╝īĶ»ĘÕÅŖµŚČĶĘ¤Ķ┐øÕø×Ķ«┐ŃĆéÕżćµ│©’╝ÜķŻÄķÖ®ķóäĶŁ”’╝ÜĶć¬µĄŗ’╝īķŻÄķÖ®ńŁēń║¦’╝Üķ½śķŻÄķÖ®’╝īń▒╗Õ×ŗ’╝Üńä”ĶÖæ', '2026-05-25 17:06:38', '2026-05-25 17:06:38');
INSERT INTO `follow_up_tasks` VALUES (2, 2, 1, 'PENDING', 'ÕŁ”ńö¤ÕĘ▓ÕŖĀÕģźķćŹńé╣Õģ│µ│©ÕłŚĶĪ©’╝īĶ»ĘÕÅŖµŚČĶĘ¤Ķ┐øÕø×Ķ«┐ŃĆéÕżćµ│©’╝ÜķŻÄķÖ®ķóäĶŁ”’╝ÜÕÆ©Ķ»óÕĖłĶ»äõ╝░’╝īķŻÄķÖ®ńŁēń║¦’╝ÜõĖŁķŻÄķÖ®’╝īń▒╗Õ×ŗ’╝ÜÕÆ©Ķ»óĶ»äõ╝░', '2026-05-25 17:06:38', '2026-05-25 17:06:38');
INSERT INTO `follow_up_tasks` VALUES (4, 9, 1, 'COMPLETED', 'ÕøĀÕŁ”õ╣ĀÕż¬Ķ┐ćõ║Äńä”ĶÖæ', '2026-05-25 17:53:07', '2026-05-25 17:53:07');
INSERT INTO `follow_up_tasks` VALUES (5, 2, 1, 'PENDING', 'ÕŁ”ńö¤ÕĘ▓ÕŖĀÕģźķćŹńé╣Õģ│µ│©ÕłŚĶĪ©’╝īĶ»ĘÕÅŖµŚČĶĘ¤Ķ┐øÕø×Ķ«┐ŃĆéÕżćµ│©’╝ÜķŻÄķÖ®ķóäĶŁ”’╝ÜĶć¬µĄŗ’╝īķŻÄķÖ®ńŁēń║¦’╝ÜõĖŁķŻÄķÖ®’╝īń▒╗Õ×ŗ’╝ÜµŖæķāü', '2026-05-25 18:00:05', '2026-05-25 18:00:05');
INSERT INTO `follow_up_tasks` VALUES (6, 7, 4, 'COMPLETED', 'ÕøĀÕ»╣ĶüīõĖÜµ¢╣ÕÉæµ▓Īµ£ēĶ¦äÕłÆ’╝īõĖŹńĪ«Õ«Üµ£¬µØźÕÅæÕ▒ĢķüōĶĘ»ĶĆīńä”ĶÖæ', '2026-05-27 16:55:00', '2026-05-27 16:55:00');

-- ----------------------------
-- Table structure for key_concern_students
-- ----------------------------
DROP TABLE IF EXISTS `key_concern_students`;
CREATE TABLE `key_concern_students`  (
  `id` bigint(20) NOT NULL AUTO_INCREMENT,
  `advisor_id` bigint(20) NOT NULL,
  `student_id` bigint(20) NOT NULL,
  `notes` text CHARACTER SET utf8mb4 COLLATE utf8mb4_0900_ai_ci NULL,
  `created_at` datetime NULL DEFAULT CURRENT_TIMESTAMP,
  PRIMARY KEY (`id`) USING BTREE,
  UNIQUE INDEX `uk_advisor_student`(`advisor_id`, `student_id`) USING BTREE,
  INDEX `student_id`(`student_id`) USING BTREE,
  CONSTRAINT `key_concern_students_ibfk_1` FOREIGN KEY (`advisor_id`) REFERENCES `advisors` (`id`) ON DELETE RESTRICT ON UPDATE RESTRICT,
  CONSTRAINT `key_concern_students_ibfk_2` FOREIGN KEY (`student_id`) REFERENCES `students` (`id`) ON DELETE RESTRICT ON UPDATE RESTRICT
) ENGINE = InnoDB AUTO_INCREMENT = 5 CHARACTER SET = utf8mb4 COLLATE = utf8mb4_0900_ai_ci COMMENT = 'ķćŹńé╣Õģ│µ│©ÕŁ”ńö¤' ROW_FORMAT = Dynamic;

-- ----------------------------
-- Records of key_concern_students
-- ----------------------------
INSERT INTO `key_concern_students` VALUES (1, 1, 1, 'ķŻÄķÖ®ķóäĶŁ”’╝ÜĶć¬µĄŗ’╝īķŻÄķÖ®ńŁēń║¦’╝Üķ½śķŻÄķÖ®’╝īń▒╗Õ×ŗ’╝Üńä”ĶÖæ', '2026-05-25 16:57:24');
INSERT INTO `key_concern_students` VALUES (3, 1, 9, 'ķŻÄķÖ®ķóäĶŁ”’╝ÜĶć¬µĄŗ’╝īķŻÄķÖ®ńŁēń║¦’╝ÜõĖŁķŻÄķÖ®’╝īń▒╗Õ×ŗ’╝Üńä”ĶÖæ', '2026-05-25 17:53:07');
INSERT INTO `key_concern_students` VALUES (4, 1, 2, 'ķŻÄķÖ®ķóäĶŁ”’╝ÜĶć¬µĄŗ’╝īķŻÄķÖ®ńŁēń║¦’╝ÜõĖŁķŻÄķÖ®’╝īń▒╗Õ×ŗ’╝ÜµŖæķāü', '2026-05-25 18:00:05');
INSERT INTO `key_concern_students` VALUES (5, 4, 7, 'ķŻÄķÖ®ķóäĶŁ”’╝ÜĶć¬µĄŗ’╝īķŻÄķÖ®ńŁēń║¦’╝Üķ½śķŻÄķÖ®’╝īń▒╗Õ×ŗ’╝Üńä”ĶÖæ', '2026-05-27 16:55:00');

-- ----------------------------
-- Table structure for referral_suggestions
-- ----------------------------
DROP TABLE IF EXISTS `referral_suggestions`;
CREATE TABLE `referral_suggestions`  (
  `id` bigint(20) NOT NULL AUTO_INCREMENT,
  `advisor_id` bigint(20) NOT NULL,
  `student_id` bigint(20) NOT NULL,
  `assigned_counselor_id` bigint(20) NULL DEFAULT NULL,
  `reason` text CHARACTER SET utf8mb4 COLLATE utf8mb4_0900_ai_ci NULL,
  `handle_status` varchar(30) CHARACTER SET utf8mb4 COLLATE utf8mb4_0900_ai_ci NULL DEFAULT 'PENDING',
  `created_at` datetime NULL DEFAULT CURRENT_TIMESTAMP,
  `updated_at` datetime NULL DEFAULT CURRENT_TIMESTAMP ON UPDATE CURRENT_TIMESTAMP,
  PRIMARY KEY (`id`) USING BTREE,
  INDEX `student_id`(`student_id`) USING BTREE,
  INDEX `idx_advisor_id`(`advisor_id`) USING BTREE,
  CONSTRAINT `referral_suggestions_ibfk_1` FOREIGN KEY (`advisor_id`) REFERENCES `advisors` (`id`) ON DELETE RESTRICT ON UPDATE RESTRICT,
  CONSTRAINT `referral_suggestions_ibfk_2` FOREIGN KEY (`student_id`) REFERENCES `students` (`id`) ON DELETE RESTRICT ON UPDATE RESTRICT
) ENGINE = InnoDB AUTO_INCREMENT = 6 CHARACTER SET = utf8mb4 COLLATE = utf8mb4_0900_ai_ci COMMENT = 'ĶĮ¼õ╗ŗÕ╗║Ķ««' ROW_FORMAT = Dynamic;

-- ----------------------------
-- Records of referral_suggestions
-- ----------------------------
INSERT INTO `referral_suggestions` VALUES (5, 1, 9, 2, 'ÕÄŗÕŖøĶ┐ćÕż¦', 'ACCEPTED', '2026-05-25 19:08:51', '2026-05-25 19:08:51');
INSERT INTO `referral_suggestions` VALUES (6, 4, 7, 3, 'Õ»╣ĶüīõĖÜµ¢╣ÕÉæµ▓Īµ£ēĶ¦äÕłÆ’╝īõĖŹńĪ«Õ«Üµ£¬µØźÕÅæÕ▒ĢķüōĶĘ»', 'ACCEPTED', '2026-05-27 16:57:08', '2026-05-27 16:57:08');

-- ----------------------------
-- Table structure for risk_alerts
-- ----------------------------
DROP TABLE IF EXISTS `risk_alerts`;
CREATE TABLE `risk_alerts`  (
  `id` bigint(20) NOT NULL AUTO_INCREMENT,
  `student_id` bigint(20) NOT NULL,
  `advisor_id` bigint(20) NOT NULL COMMENT 'Õ»╣Õ║öĶŠģÕ»╝Õæś',
  `alert_source` varchar(50) CHARACTER SET utf8mb4 COLLATE utf8mb4_0900_ai_ci NOT NULL COMMENT 'SELF_ASSESSMENT/COUNSELOR',
  `alert_type` varchar(50) CHARACTER SET utf8mb4 COLLATE utf8mb4_0900_ai_ci NULL DEFAULT NULL,
  `risk_level` varchar(20) CHARACTER SET utf8mb4 COLLATE utf8mb4_0900_ai_ci NOT NULL,
  `is_read` int(11) NULL DEFAULT 0,
  `created_at` datetime NULL DEFAULT CURRENT_TIMESTAMP,
  PRIMARY KEY (`id`) USING BTREE,
  INDEX `idx_student_id`(`student_id`) USING BTREE,
  INDEX `idx_advisor_id`(`advisor_id`) USING BTREE,
  CONSTRAINT `risk_alerts_ibfk_1` FOREIGN KEY (`student_id`) REFERENCES `students` (`id`) ON DELETE RESTRICT ON UPDATE RESTRICT,
  CONSTRAINT `risk_alerts_ibfk_2` FOREIGN KEY (`advisor_id`) REFERENCES `advisors` (`id`) ON DELETE RESTRICT ON UPDATE RESTRICT
) ENGINE = InnoDB AUTO_INCREMENT = 9 CHARACTER SET = utf8mb4 COLLATE = utf8mb4_0900_ai_ci COMMENT = 'Õ┐āńÉåķóäĶŁ”ĶĪ©' ROW_FORMAT = Dynamic;

-- ----------------------------
-- Records of risk_alerts
-- ----------------------------
INSERT INTO `risk_alerts` VALUES (3, 1, 1, 'SELF_ASSESSMENT', 'ANXIETY', 'HIGH', 1, '2026-05-25 15:33:51');
INSERT INTO `risk_alerts` VALUES (4, 1, 1, 'SELF_ASSESSMENT', 'DEPRESSION', 'MEDIUM', 1, '2026-05-22 17:08:47');
INSERT INTO `risk_alerts` VALUES (5, 3, 2, 'SELF_ASSESSMENT', 'DEPRESSION', 'MEDIUM', 1, '2026-05-22 17:52:52');
INSERT INTO `risk_alerts` VALUES (6, 2, 1, 'SELF_ASSESSMENT', 'DEPRESSION', 'MEDIUM', 1, '2026-05-22 18:42:48');
INSERT INTO `risk_alerts` VALUES (7, 2, 1, 'COUNSELOR', 'CONSULTATION', 'MEDIUM', 1, '2026-05-22 18:45:39');
INSERT INTO `risk_alerts` VALUES (8, 9, 1, 'SELF_ASSESSMENT', 'ANXIETY', 'MEDIUM', 1, '2026-05-25 17:52:23');
INSERT INTO `risk_alerts` VALUES (9, 7, 4, 'SELF_ASSESSMENT', 'ANXIETY', 'HIGH', 1, '2026-05-27 16:54:12');

-- ----------------------------
-- Table structure for self_assessments
-- ----------------------------
DROP TABLE IF EXISTS `self_assessments`;
CREATE TABLE `self_assessments`  (
  `id` bigint(20) NOT NULL AUTO_INCREMENT,
  `student_id` bigint(20) NOT NULL,
  `scale_type` varchar(50) CHARACTER SET utf8mb4 COLLATE utf8mb4_0900_ai_ci NOT NULL,
  `total_score` int(11) NOT NULL,
  `risk_level` varchar(20) CHARACTER SET utf8mb4 COLLATE utf8mb4_0900_ai_ci NOT NULL,
  `result_json` text CHARACTER SET utf8mb4 COLLATE utf8mb4_0900_ai_ci NULL,
  `created_at` datetime NULL DEFAULT CURRENT_TIMESTAMP,
  PRIMARY KEY (`id`) USING BTREE,
  INDEX `idx_student_id`(`student_id`) USING BTREE,
  CONSTRAINT `self_assessments_ibfk_1` FOREIGN KEY (`student_id`) REFERENCES `students` (`id`) ON DELETE RESTRICT ON UPDATE RESTRICT
) ENGINE = InnoDB AUTO_INCREMENT = 23 CHARACTER SET = utf8mb4 COLLATE = utf8mb4_0900_ai_ci COMMENT = 'Õ┐āńÉåĶć¬Ķ»ä' ROW_FORMAT = Dynamic;

-- ----------------------------
-- Records of self_assessments
-- ----------------------------
INSERT INTO `self_assessments` VALUES (12, 8, 'DEPRESSION', 24, 'NORMAL', '[1,4,1,3,3,2,3,3,3,2]', '2026-05-22 17:06:02');
INSERT INTO `self_assessments` VALUES (13, 8, 'DEPRESSION', 30, 'NORMAL', '[3,3,2,2,3,3,2,2,3,3]', '2026-05-22 17:06:32');
INSERT INTO `self_assessments` VALUES (14, 8, 'ANXIETY', 33, 'LOW', '[3,3,2,3,2,2,2,2,2,3]', '2026-05-22 17:07:35');
INSERT INTO `self_assessments` VALUES (15, 1, 'DEPRESSION', 38, 'MEDIUM', '[3,2,3,3,2,3,2,3,2,3]', '2026-05-22 17:08:47');
INSERT INTO `self_assessments` VALUES (16, 1, 'ANXIETY', 34, 'LOW', '[2,3,2,3,2,3,2,3,2,3]', '2026-05-22 17:09:02');
INSERT INTO `self_assessments` VALUES (17, 1, 'ANXIETY', 36, 'MEDIUM', '[3,3,3,3,2,4,2,3,2,2]', '2026-05-22 17:09:17');
INSERT INTO `self_assessments` VALUES (18, 4, 'DEPRESSION', 35, 'LOW', '[3,2,4,1,2,4,2,3,4,3]', '2026-05-22 17:10:07');
INSERT INTO `self_assessments` VALUES (19, 3, 'DEPRESSION', 38, 'MEDIUM', '[3,2,4,2,2,3,2,3,2,3]', '2026-05-22 17:52:52');
INSERT INTO `self_assessments` VALUES (20, 2, 'DEPRESSION', 41, 'MEDIUM', '[3,2,3,4,2,4,2,4,2,3]', '2026-05-22 18:42:48');
INSERT INTO `self_assessments` VALUES (21, 1, 'ANXIETY', 41, 'HIGH', '[4,4,4,3,2,3,3,3,2,3]', '2026-05-25 15:33:51');
INSERT INTO `self_assessments` VALUES (22, 9, 'ANXIETY', 38, 'MEDIUM', '[4,3,3,3,2,3,2,3,2,3]', '2026-05-25 17:52:23');
INSERT INTO `self_assessments` VALUES (23, 7, 'ANXIETY', 40, 'HIGH', '[4,3,3,3,2,3,3,4,2,3]', '2026-05-27 16:54:12');

-- ----------------------------
-- Table structure for students
-- ----------------------------
DROP TABLE IF EXISTS `students`;
CREATE TABLE `students`  (
  `id` bigint(20) NOT NULL AUTO_INCREMENT,
  `user_id` bigint(20) NOT NULL,
  `student_no` varchar(50) CHARACTER SET utf8mb4 COLLATE utf8mb4_0900_ai_ci NOT NULL,
  `college` varchar(100) CHARACTER SET utf8mb4 COLLATE utf8mb4_0900_ai_ci NOT NULL,
  `class_name` varchar(50) CHARACTER SET utf8mb4 COLLATE utf8mb4_0900_ai_ci NULL DEFAULT NULL,
  `grade` varchar(20) CHARACTER SET utf8mb4 COLLATE utf8mb4_0900_ai_ci NULL DEFAULT NULL,
  `advisor_id` bigint(20) NULL DEFAULT NULL COMMENT 'µēĆÕ▒×ĶŠģÕ»╝ÕæśID',
  `created_at` datetime NULL DEFAULT CURRENT_TIMESTAMP,
  `updated_at` datetime NULL DEFAULT CURRENT_TIMESTAMP ON UPDATE CURRENT_TIMESTAMP,
  PRIMARY KEY (`id`) USING BTREE,
  UNIQUE INDEX `user_id`(`user_id`) USING BTREE,
  UNIQUE INDEX `student_no`(`student_no`) USING BTREE,
  INDEX `idx_user_id`(`user_id`) USING BTREE,
  INDEX `idx_advisor_id`(`advisor_id`) USING BTREE,
  CONSTRAINT `students_ibfk_1` FOREIGN KEY (`user_id`) REFERENCES `users` (`id`) ON DELETE RESTRICT ON UPDATE RESTRICT
) ENGINE = InnoDB AUTO_INCREMENT = 10 CHARACTER SET = utf8mb4 COLLATE = utf8mb4_0900_ai_ci COMMENT = 'ÕŁ”ńö¤õ┐Īµü»ĶĪ©' ROW_FORMAT = Dynamic;

-- ----------------------------
-- Records of students
-- ----------------------------
INSERT INTO `students` VALUES (1, 2, '20241001', 'õ┐Īµü»ÕĘźń©ŗÕŁ”ķÖó', 'Ķ«Īń«Śµ£║241ńÅŁ', '2024', 1, '2026-05-20 22:05:24', '2026-05-20 22:05:24');
INSERT INTO `students` VALUES (2, 3, '20241002', 'õ┐Īµü»ÕĘźń©ŗÕŁ”ķÖó', 'Ķ«Īń«Śµ£║242ńÅŁ', '2024', 1, '2026-05-20 22:05:24', '2026-05-20 22:05:24');
INSERT INTO `students` VALUES (3, 4, '20231001', 'ńÉåÕŁ”ķÖó', 'µĢ░ÕŁ”231ńÅŁ', '2023', 2, '2026-05-20 22:05:24', '2026-05-20 22:05:24');
INSERT INTO `students` VALUES (4, 5, '20241003', 'õ║║µ¢ćÕŁ”ķÖó', 'õĖŁµ¢ć241ńÅŁ', '2024', 3, '2026-05-20 22:05:24', '2026-05-20 22:05:24');
INSERT INTO `students` VALUES (5, 6, '20231002', 'ń╗ÅµĄÄń«ĪńÉåÕŁ”ķÖó', 'õ╝ÜĶ«Ī231ńÅŁ', '2023', 4, '2026-05-20 22:05:24', '2026-05-20 22:05:24');
INSERT INTO `students` VALUES (6, 7, '20241004', 'µ│ĢÕŁ”ķÖó', 'µ│ĢÕŁ”241ńÅŁ', '2024', 3, '2026-05-20 22:05:24', '2026-05-20 22:05:24');
INSERT INTO `students` VALUES (7, 8, '20221001', 'Õż¢ÕøĮĶ»ŁÕŁ”ķÖó', 'Ķŗ▒Ķ»Ł221ńÅŁ', '2022', 4, '2026-05-20 22:05:24', '2026-05-25 17:51:30');
INSERT INTO `students` VALUES (8, 9, '20241005', 'Õ╗║ńŁæÕĘźń©ŗÕŁ”ķÖó', 'Õ£¤µ£©241ńÅŁ', '2024', 2, '2026-05-20 22:05:24', '2026-05-25 17:51:30');
INSERT INTO `students` VALUES (9, 10, '20231003', 'õ┐Īµü»ÕĘźń©ŗÕŁ”ķÖó', 'ĶĮ»õ╗Č231ńÅŁ', '2023', 1, '2026-05-20 22:05:24', '2026-05-20 22:05:24');
INSERT INTO `students` VALUES (10, 11, '20241006', 'Ķē║µ£»õĖÄĶ«ŠĶ«ĪÕŁ”ķÖó', 'Ķ«ŠĶ«Ī241ńÅŁ', '2024', 3, '2026-05-20 22:05:24', '2026-05-25 17:51:30');

-- ----------------------------
-- Table structure for system_configs
-- ----------------------------
DROP TABLE IF EXISTS `system_configs`;
CREATE TABLE `system_configs`  (
  `id` bigint(20) NOT NULL AUTO_INCREMENT,
  `config_key` varchar(50) CHARACTER SET utf8mb4 COLLATE utf8mb4_0900_ai_ci NOT NULL,
  `config_value` varchar(255) CHARACTER SET utf8mb4 COLLATE utf8mb4_0900_ai_ci NOT NULL,
  `description` varchar(200) CHARACTER SET utf8mb4 COLLATE utf8mb4_0900_ai_ci NULL DEFAULT NULL,
  PRIMARY KEY (`id`) USING BTREE,
  UNIQUE INDEX `config_key`(`config_key`) USING BTREE
) ENGINE = InnoDB AUTO_INCREMENT = 4 CHARACTER SET = utf8mb4 COLLATE = utf8mb4_0900_ai_ci COMMENT = 'ń│╗ń╗¤ķģŹńĮ«' ROW_FORMAT = Dynamic;

-- ----------------------------
-- Records of system_configs
-- ----------------------------
INSERT INTO `system_configs` VALUES (1, 'max_future_days', '14', 'µ£ĆÕż¦ÕÅ»ķóäń║”Õż®µĢ░');
INSERT INTO `system_configs` VALUES (2, 'cancel_deadline_hours', '24', 'ÕÅ¢µČłķóäń║”µł¬µŁóÕ░ÅµŚČµĢ░');
INSERT INTO `system_configs` VALUES (3, 'phq9_threshold', '15', 'PHQ-9ķ½śķŻÄķÖ®ķśłÕĆ╝');
INSERT INTO `system_configs` VALUES (4, 'gad7_threshold', '10', 'GAD-7ķ½śķŻÄķÖ®ķśłÕĆ╝');

-- ----------------------------
-- Table structure for time_slots
-- ----------------------------
DROP TABLE IF EXISTS `time_slots`;
CREATE TABLE `time_slots`  (
  `id` bigint(20) NOT NULL AUTO_INCREMENT,
  `counselor_id` bigint(20) NOT NULL,
  `date` date NOT NULL,
  `start_time` time NOT NULL,
  `end_time` time NOT NULL,
  `max_appointments` int(11) NULL DEFAULT 1,
  `booked_count` int(11) NULL DEFAULT 0,
  `status` varchar(20) CHARACTER SET utf8mb4 COLLATE utf8mb4_0900_ai_ci NULL DEFAULT 'ACTIVE',
  `created_at` datetime NULL DEFAULT CURRENT_TIMESTAMP,
  `updated_at` datetime NULL DEFAULT CURRENT_TIMESTAMP ON UPDATE CURRENT_TIMESTAMP,
  PRIMARY KEY (`id`) USING BTREE,
  INDEX `idx_counselor_id`(`counselor_id`) USING BTREE,
  CONSTRAINT `time_slots_ibfk_1` FOREIGN KEY (`counselor_id`) REFERENCES `counselors` (`id`) ON DELETE RESTRICT ON UPDATE RESTRICT
) ENGINE = InnoDB AUTO_INCREMENT = 22 CHARACTER SET = utf8mb4 COLLATE = utf8mb4_0900_ai_ci COMMENT = 'ÕÅ»ķóäń║”µŚČµ«Ą' ROW_FORMAT = Dynamic;

-- ----------------------------
-- Records of time_slots
-- ----------------------------
INSERT INTO `time_slots` VALUES (8, 1, '2026-05-22', '18:00:12', '19:00:21', 2, 0, 'ACTIVE', '2026-05-22 17:48:40', '2026-05-22 17:48:40');
INSERT INTO `time_slots` VALUES (9, 1, '2026-05-22', '09:00:57', '10:00:57', 2, 2, 'ACTIVE', '2026-05-22 17:49:23', '2026-05-22 17:49:23');
INSERT INTO `time_slots` VALUES (10, 2, '2026-05-22', '09:00:47', '10:00:47', 2, 1, 'INACTIVE', '2026-05-22 17:50:05', '2026-05-22 17:50:05');
INSERT INTO `time_slots` VALUES (11, 3, '2026-05-22', '19:00:19', '20:00:19', 2, 0, 'INACTIVE', '2026-05-22 17:50:44', '2026-05-22 17:50:44');
INSERT INTO `time_slots` VALUES (12, 3, '2026-05-22', '09:00:50', '10:00:50', 2, 0, 'INACTIVE', '2026-05-22 17:51:11', '2026-05-22 17:51:11');
INSERT INTO `time_slots` VALUES (13, 4, '2026-05-23', '09:00:25', '11:00:25', 3, 0, 'ACTIVE', '2026-05-22 17:51:54', '2026-05-22 17:51:54');
INSERT INTO `time_slots` VALUES (14, 2, '2026-05-25', '09:00:40', '10:00:40', 2, 1, 'INACTIVE', '2026-05-25 19:10:09', '2026-05-25 19:10:09');
INSERT INTO `time_slots` VALUES (15, 2, '2026-05-27', '10:30:10', '11:30:10', 2, 0, 'ACTIVE', '2026-05-25 19:10:35', '2026-05-25 19:10:35');
INSERT INTO `time_slots` VALUES (16, 2, '2026-05-27', '16:00:24', '17:00:24', 2, 0, 'ACTIVE', '2026-05-27 16:26:52', '2026-05-27 16:26:52');
INSERT INTO `time_slots` VALUES (17, 2, '2026-05-28', '09:00:03', '10:00:50', 2, 0, 'ACTIVE', '2026-05-27 16:38:51', '2026-05-27 16:38:51');
INSERT INTO `time_slots` VALUES (18, 2, '2026-05-28', '14:00:20', '15:00:20', 2, 0, 'ACTIVE', '2026-05-27 16:38:51', '2026-05-27 16:38:51');
INSERT INTO `time_slots` VALUES (19, 2, '2026-05-28', '16:00:38', '17:00:38', 2, 0, 'ACTIVE', '2026-05-27 16:38:51', '2026-05-27 16:38:51');
INSERT INTO `time_slots` VALUES (20, 3, '2026-05-27', '09:00:58', '10:00:58', 2, 1, 'BOOKED', '2026-05-27 17:10:40', '2026-05-27 17:10:40');
INSERT INTO `time_slots` VALUES (21, 3, '2026-05-27', '13:00:12', '14:00:12', 2, 0, 'ACTIVE', '2026-05-27 17:10:40', '2026-05-27 17:10:40');
INSERT INTO `time_slots` VALUES (22, 3, '2026-05-27', '15:00:26', '16:00:26', 2, 0, 'ACTIVE', '2026-05-27 17:10:40', '2026-05-27 17:10:40');

-- ----------------------------
-- Table structure for users
-- ----------------------------
DROP TABLE IF EXISTS `users`;
CREATE TABLE `users`  (
  `id` bigint(20) NOT NULL AUTO_INCREMENT,
  `username` varchar(50) CHARACTER SET utf8mb4 COLLATE utf8mb4_0900_ai_ci NOT NULL,
  `password` varchar(255) CHARACTER SET utf8mb4 COLLATE utf8mb4_0900_ai_ci NOT NULL,
  `role` varchar(20) CHARACTER SET utf8mb4 COLLATE utf8mb4_0900_ai_ci NOT NULL COMMENT 'STUDENT/COUNSELOR/ADVISOR/ADMIN',
  `name` varchar(50) CHARACTER SET utf8mb4 COLLATE utf8mb4_0900_ai_ci NOT NULL,
  `phone` varchar(20) CHARACTER SET utf8mb4 COLLATE utf8mb4_0900_ai_ci NULL DEFAULT NULL,
  `email` varchar(100) CHARACTER SET utf8mb4 COLLATE utf8mb4_0900_ai_ci NULL DEFAULT NULL,
  `college` varchar(100) CHARACTER SET utf8mb4 COLLATE utf8mb4_0900_ai_ci NULL DEFAULT NULL,
  `status` int(11) NULL DEFAULT 1 COMMENT '1ÕÉ»ńö© 0ń”üńö©',
  `created_at` datetime NULL DEFAULT CURRENT_TIMESTAMP,
  `updated_at` datetime NULL DEFAULT CURRENT_TIMESTAMP ON UPDATE CURRENT_TIMESTAMP,
  PRIMARY KEY (`id`) USING BTREE,
  UNIQUE INDEX `username`(`username`) USING BTREE
) ENGINE = InnoDB AUTO_INCREMENT = 22 CHARACTER SET = utf8mb4 COLLATE = utf8mb4_0900_ai_ci COMMENT = 'ńö©µłĘõĖ╗ĶĪ©' ROW_FORMAT = Dynamic;

-- ----------------------------
-- Records of users
-- ----------------------------
INSERT INTO `users` VALUES (1, 'admin', '$2a$10$N.zmdr9k7uOCQb376NoUnuTJ8iAt6Z5EHsM8lE9lBOsl7iKTVKIUi', 'ADMIN', 'ÕĮŁÕå¼ńö¤', '13870000001', 'pengds@ncu.edu.cn', NULL, 1, '2026-05-20 22:05:24', '2026-05-20 22:05:24');
INSERT INTO `users` VALUES (2, 'student1', '$2a$10$N.zmdr9k7uOCQb376NoUnuTJ8iAt6Z5EHsM8lE9lBOsl7iKTVKIUi', 'STUDENT', 'ķÖłµĆØĶ┐£', '13870000101', 'chensy2024@ncu.edu.cn', 'õ┐Īµü»ÕĘźń©ŗÕŁ”ķÖó', 1, '2026-05-20 22:05:24', '2026-05-20 22:05:24');
INSERT INTO `users` VALUES (3, 'student2', '$2a$10$N.zmdr9k7uOCQb376NoUnuTJ8iAt6Z5EHsM8lE9lBOsl7iKTVKIUi', 'STUDENT', 'µ×ŚµÖōķø©', '13870000102', 'linxy2024@ncu.edu.cn', 'õ┐Īµü»ÕĘźń©ŗÕŁ”ķÖó', 1, '2026-05-20 22:05:24', '2026-05-20 22:05:24');
INSERT INTO `users` VALUES (4, 'student3', '$2a$10$N.zmdr9k7uOCQb376NoUnuTJ8iAt6Z5EHsM8lE9lBOsl7iKTVKIUi', 'STUDENT', 'ńÄŗµĄ®ńäČ', '13870000103', 'wanghr2023@ncu.edu.cn', 'ńÉåÕŁ”ķÖó', 1, '2026-05-20 22:05:24', '2026-05-20 22:05:24');
INSERT INTO `users` VALUES (5, 'student4', '$2a$10$N.zmdr9k7uOCQb376NoUnuTJ8iAt6Z5EHsM8lE9lBOsl7iKTVKIUi', 'STUDENT', 'ĶĄĄķøģÕ®Ę', '13870000104', 'zhaoyt2024@ncu.edu.cn', 'õ║║µ¢ćÕŁ”ķÖó', 1, '2026-05-20 22:05:24', '2026-05-20 22:05:24');
INSERT INTO `users` VALUES (6, 'student5', '$2a$10$N.zmdr9k7uOCQb376NoUnuTJ8iAt6Z5EHsM8lE9lBOsl7iKTVKIUi', 'STUDENT', 'ķ╗äÕ┐ŚÕ╝║', '13870000105', 'huangzq2023@ncu.edu.cn', 'ń╗ÅµĄÄń«ĪńÉåÕŁ”ķÖó', 0, '2026-05-20 22:05:24', '2026-05-20 22:05:24');
INSERT INTO `users` VALUES (7, 'student6', '$2a$10$N.zmdr9k7uOCQb376NoUnuTJ8iAt6Z5EHsM8lE9lBOsl7iKTVKIUi', 'STUDENT', 'Õæ©õĮ│µĆĪ', '13870000106', 'zhoujy2024@ncu.edu.cn', 'µ│ĢÕŁ”ķÖó', 1, '2026-05-20 22:05:24', '2026-05-20 22:05:24');
INSERT INTO `users` VALUES (8, 'student7', '$2a$10$N.zmdr9k7uOCQb376NoUnuTJ8iAt6Z5EHsM8lE9lBOsl7iKTVKIUi', 'STUDENT', 'ÕÉ┤õ┐ŖµØ░', '13870000107', 'wujj2022@ncu.edu.cn', 'Õż¢ÕøĮĶ»ŁÕŁ”ķÖó', 1, '2026-05-20 22:05:24', '2026-05-20 22:05:24');
INSERT INTO `users` VALUES (9, 'student8', '$2a$10$N.zmdr9k7uOCQb376NoUnuTJ8iAt6Z5EHsM8lE9lBOsl7iKTVKIUi', 'STUDENT', 'Õłśµé”ńäČ', '13870000108', 'liuyr2024@ncu.edu.cn', 'Õ╗║ńŁæÕĘźń©ŗÕŁ”ķÖó', 1, '2026-05-20 22:05:24', '2026-05-20 22:05:24');
INSERT INTO `users` VALUES (10, 'student9', '$2a$10$N.zmdr9k7uOCQb376NoUnuTJ8iAt6Z5EHsM8lE9lBOsl7iKTVKIUi', 'STUDENT', 'ķāæķø©ĶÉ▒', '13870000109', 'zhengyx2023@ncu.edu.cn', 'õ┐Īµü»ÕĘźń©ŗÕŁ”ķÖó', 1, '2026-05-20 22:05:24', '2026-05-20 22:05:24');
INSERT INTO `users` VALUES (11, 'student10', '$2a$10$N.zmdr9k7uOCQb376NoUnuTJ8iAt6Z5EHsM8lE9lBOsl7iKTVKIUi', 'STUDENT', 'Ķ«Ėµ¢ćķ¤¼', '13870000110', 'xuwt2024@ncu.edu.cn', 'Ķē║µ£»õĖÄĶ«ŠĶ«ĪÕŁ”ķÖó', 1, '2026-05-20 22:05:24', '2026-05-20 22:05:24');
INSERT INTO `users` VALUES (12, 'counselor1', '$2a$10$N.zmdr9k7uOCQb376NoUnuTJ8iAt6Z5EHsM8lE9lBOsl7iKTVKIUi', 'COUNSELOR', 'ķÖłµģ¦µĢÅ', '13870000201', 'chenhm@ncu.edu.cn', NULL, 1, '2026-05-20 22:05:24', '2026-05-20 22:05:24');
INSERT INTO `users` VALUES (13, 'counselor2', '$2a$10$N.zmdr9k7uOCQb376NoUnuTJ8iAt6Z5EHsM8lE9lBOsl7iKTVKIUi', 'COUNSELOR', 'ÕłśÕ╗║ÕøĮ', '13870006980', 'liujg@ncu.edu.cn', NULL, 1, '2026-05-20 22:05:24', '2026-05-20 22:05:24');
INSERT INTO `users` VALUES (14, 'counselor3', '$2a$10$N.zmdr9k7uOCQb376NoUnuTJ8iAt6Z5EHsM8lE9lBOsl7iKTVKIUi', 'COUNSELOR', 'µØ©µ¢ćÕŹÜ', '13870000203', 'yangwb@ncu.edu.cn', NULL, 1, '2026-05-20 22:05:24', '2026-05-20 22:05:24');
INSERT INTO `users` VALUES (15, 'counselor4', '$2a$10$N.zmdr9k7uOCQb376NoUnuTJ8iAt6Z5EHsM8lE9lBOsl7iKTVKIUi', 'COUNSELOR', 'µ▓łń¦ŗÕ▓Ü', '13870000204', 'shenql@ncu.edu.cn', NULL, 1, '2026-05-20 22:05:24', '2026-05-20 22:05:24');
INSERT INTO `users` VALUES (16, 'advisor1', '$2a$10$N.zmdr9k7uOCQb376NoUnuTJ8iAt6Z5EHsM8lE9lBOsl7iKTVKIUi', 'ADVISOR', 'ĶĄĄµśÄĶŠē', '13870000301', 'zhaomh@ncu.edu.cn', 'õ┐Īµü»ÕĘźń©ŗÕŁ”ķÖó', 1, '2026-05-20 22:05:24', '2026-05-20 22:05:24');
INSERT INTO `users` VALUES (17, 'advisor2', '$2a$10$N.zmdr9k7uOCQb376NoUnuTJ8iAt6Z5EHsM8lE9lBOsl7iKTVKIUi', 'ADVISOR', 'ÕŁÖõĖĮÕŹÄ', '13870000302', 'sunlh@ncu.edu.cn', 'ńÉåÕŁ”ķÖó', 1, '2026-05-20 22:05:24', '2026-05-20 22:05:24');
INSERT INTO `users` VALUES (18, 'advisor3', '$2a$10$N.zmdr9k7uOCQb376NoUnuTJ8iAt6Z5EHsM8lE9lBOsl7iKTVKIUi', 'ADVISOR', 'Õ╝Āķøģµ¢ć', '13870000303', 'zhangyw@ncu.edu.cn', 'õ║║µ¢ćÕŁ”ķÖó', 1, '2026-05-20 22:05:24', '2026-05-20 22:05:24');
INSERT INTO `users` VALUES (19, 'advisor4', '$2a$10$N.zmdr9k7uOCQb376NoUnuTJ8iAt6Z5EHsM8lE9lBOsl7iKTVKIUi', 'ADVISOR', 'ķ®¼ÕŠĘµśī', '13870000304', 'madc@ncu.edu.cn', 'ń╗ÅµĄÄń«ĪńÉåÕŁ”ķÖó', 1, '2026-05-20 22:05:24', '2026-05-20 22:05:24');
INSERT INTO `users` VALUES (21, 'counselor7', '$2a$10$KLtbMDtvu1CsGHXykkdamOvySmih/FvP/m.LvH2Ig428w9AwDNfyq', 'COUNSELOR', 'ńÄŗń╗┤', '19075859963', '1907765922@qq.com', '', 1, '2026-05-20 23:34:01', '2026-05-20 23:34:01');

SET FOREIGN_KEY_CHECKS = 1;
